Времена извршавања различитих имплементација,,,
,,,
,OpenMP,OpenMPI,Hybrid
512x512,,,
5120x5120,,,
10240x10240,,,
,,,
,,,
Времена извршавања различитих конфигурација,1 МПИ = 1 лј,"1 МПИ = 1 фј, 1 нит = 1 лј унутар фј","1 МПИ = 1 сокет, 1 нит = 1 лј"
512x512,,,
5120x5120,,,
10240x10240,,,
,,,
,,,
,Карактеристике система на којем су мерена извршавања,,
Број чворова,,,
Број сокета по чвору,,,
Број физичких језгара по чвору,,,
Број логичких језгара по чвору,,,
